<automationMap xmlns="http://www.metasolv.com/OMS/AutomationMap/2001/11/23" xmlns:am="http://www.metasolv.com/OMS/AutomationMap/2001/11/23" xmlns:db="http://www.metasolv.com/Provisioning/database/DatabasePlugin/2006/02/28" xmlns:xsi="http://www.w3.org/2001/XMLSchema-instance" xsi:schemaLocation="http://www.metasolv.com/Provisioning/database/DatabasePlugin/2006/02/28 ./databasePlugin.xsd http://www.metasolv.com/OMS/AutomationMap/2001/11/23 ./automationMap.xsd ">
<taskAutomator>
	<pluginJndiName>ProductValidateTaskAuto.automatedtask.salesorderfulfillment_business.ProductValidateTaskSender</pluginJndiName>
	<ejbName>ProductValidateTaskAuto.automatedtask.salesorderfulfillment_business.ProductValidateTaskSender</ejbName>
	<className>oracle.communications.ordermanagement.automation.plugin.XQuerySender</className>
	<runAs>%{DEFAULT_AUTOMATION_USER}</runAs>
	          
	<cartridgeNamespace>COM-POC-Solution</cartridgeNamespace>
    <cartridgeVersion>1.1.0.0.0</cartridgeVersion>    

	<receive xsi:type="am:InternalReceiver">
		<mnemonic>ProductValidateTaskAuto</mnemonic>
 		<executionModes>do failed_do</executionModes>
	</receive>		
    
	<implement xsi:type="am:XquerySender">
		<to>
			<jndiName>Queue1</jndiName>
			<destinationType>javax.jms.Queue</destinationType>
			<providerUrl>t3://localhost:7051</providerUrl>
			<initialContextFactory>weblogic.jndi.WLInitialContextFactory</initialContextFactory>
			<connectionFactory>ConnectionFactory1</connectionFactory>
		</to>
		<replyTo>
			<jndiName>%{DEFAULT_RESPONSE_QUEUE}</jndiName>
			<destinationType>javax.jms.Queue</destinationType>
		</replyTo>
		<am:sendNullMessage>true</am:sendNullMessage>
		<am:script>
			<am:resource>resources/SalesOrderFulfillment_Business/ProductValidateTaskAuto.xquery</am:resource>
			<am:cache>
				<am:maxSize>50</am:maxSize>
				<am:timeout>15000</am:timeout>
			</am:cache>
		</am:script>
		<am:exception>
			<am:status>ErrorState</am:status>
		</am:exception>
	</implement>          
	<failTaskOnException>false</failTaskOnException>
</taskAutomator><taskAutomator>
	<pluginJndiName>ProvisionTaskAuto.automatedtask.salesorderfulfillment_business.ProvisioningTaskSender</pluginJndiName>
	<ejbName>ProvisionTaskAuto.automatedtask.salesorderfulfillment_business.ProvisioningTaskSender</ejbName>
	<className>oracle.communications.ordermanagement.automation.plugin.XQuerySender</className>
	<runAs>%{DEFAULT_AUTOMATION_USER}</runAs>
	          
	<cartridgeNamespace>COM-POC-Solution</cartridgeNamespace>
    <cartridgeVersion>1.1.0.0.0</cartridgeVersion>    

	<receive xsi:type="am:InternalReceiver">
		<mnemonic>ProvisionTaskAuto</mnemonic>
 		<executionModes>do failed_do</executionModes>
	</receive>		
    
	<implement xsi:type="am:XquerySender">
		<to>
			<jndiName>Queue1</jndiName>
			<destinationType>javax.jms.Queue</destinationType>
			<providerUrl>t3://localhost:7051</providerUrl>
			<initialContextFactory>weblogic.jndi.WLInitialContextFactory</initialContextFactory>
			<connectionFactory>ConnectionFactory1</connectionFactory>
		</to>
		<replyTo>
			<jndiName>%{DEFAULT_RESPONSE_QUEUE}</jndiName>
			<destinationType>javax.jms.Queue</destinationType>
		</replyTo>
		<am:sendNullMessage>true</am:sendNullMessage>
		<am:script>
			<am:resource>resources/SalesOrderFulfillment_Business/ProvisionTaskAuto.xquery</am:resource>
			<am:cache>
				<am:maxSize>50</am:maxSize>
				<am:timeout>15000</am:timeout>
			</am:cache>
		</am:script>
		<am:exception>
			<am:status>ErrorState</am:status>
		</am:exception>
	</implement>          
	<failTaskOnException>false</failTaskOnException>
</taskAutomator><taskAutomator>
	<pluginJndiName>TrackEventTaskAuto.automatedtask.salesorderfulfillment_business.TrackEventSender</pluginJndiName>
	<ejbName>TrackEventTaskAuto.automatedtask.salesorderfulfillment_business.TrackEventSender</ejbName>
	<className>oracle.communications.ordermanagement.automation.plugin.XQuerySender</className>
	<runAs>%{DEFAULT_AUTOMATION_USER}</runAs>
	          
	<cartridgeNamespace>COM-POC-Solution</cartridgeNamespace>
    <cartridgeVersion>1.1.0.0.0</cartridgeVersion>    

	<receive xsi:type="am:InternalReceiver">
		<mnemonic>TrackEventTaskAuto</mnemonic>
 		<executionModes>do failed_do</executionModes>
	</receive>		
    
	<implement xsi:type="am:XquerySender">
		<to>
			<jndiName>Queue1</jndiName>
			<destinationType>javax.jms.Queue</destinationType>
			<providerUrl>t3://localhost:7051</providerUrl>
			<initialContextFactory>weblogic.jndi.WLInitialContextFactory</initialContextFactory>
			<connectionFactory>ConnectionFactory1</connectionFactory>
		</to>
		<replyTo>
			<jndiName>%{DEFAULT_RESPONSE_QUEUE}</jndiName>
			<destinationType>javax.jms.Queue</destinationType>
		</replyTo>
		<am:sendNullMessage>true</am:sendNullMessage>
		<am:script>
			<am:resource>resources/SalesOrderFulfillment_Business/TrackEventTaskAuto.xquery</am:resource>
			<am:cache>
				<am:maxSize>50</am:maxSize>
				<am:timeout>15000</am:timeout>
			</am:cache>
		</am:script>
		<am:exception>
			<am:status>ErrorState</am:status>
		</am:exception>
	</implement>          
	<failTaskOnException>false</failTaskOnException>
</taskAutomator>
<notificationAutomator>
	<ejbName>SalesOrderFulfillment.order.salesorderfulfillment-pocbase.WrapUpGeneration</ejbName>
	<className>wrapUp.ReportsDBUpdationHandler</className>
	<runAs>%{DEFAULT_AUTOMATION_USER}</runAs>          
   <cartridgeNamespace>COM-POC-Solution</cartridgeNamespace>
    <cartridgeVersion>1.1.0.0.0</cartridgeVersion>
	<receive xsi:type="am:InternalReceiver">
		<event xsi:type="OrderNotification">
			<orderSource>SalesOrderFulfillment</orderSource>
			<orderType>SalesOrderFulfillment</orderType>
			<milestone>creation</milestone>		
		</event>
	</receive>	
</notificationAutomator>
</automationMap>